"Year","Country","Rate","Change"
"1971","Australia","0.8803","  "
"1972","Australia","0.8387","-4.725661706236507"
"1973","Australia","0.7047","-15.977107428162634"
"1974","Australia","0.695","-1.3764722576983173"
"1975","Australia","0.7647","10.02877697841728"
"1976","Australia","0.8187","7.061592781482926"
"1977","Australia","0.9024","10.223525100769512"
"1978","Australia","0.874","-3.1471631205673734"
"1979","Australia","0.8947","2.368421052631585"
"1980","Australia","0.8776","-1.9112551693305022"
"1981","Australia","0.8699","-0.877392889699184"
"1982","Australia","0.9838","13.093459018277965"
"1983","Australia","1.1094","12.766822524903429"
"1984","Australia","1.137","2.487831260140623"
"1985","Australia","1.428","25.59366754617414"
"1986","Australia","1.4905","4.3767507002801125"
"1987","Australia","1.4257","-4.347534384434751"
"1988","Australia","1.2753","-10.549203899838666"
"1989","Australia","1.2628","-0.9801615306202601"
"1990","Australia","1.2809","1.4333227747861899"
"1991","Australia","1.2842","0.2576313529549598"
"1992","Australia","1.3602","5.918081295748331"
"1993","Australia","1.4708","8.131157182767241"
"1994","Australia","1.3669","-7.0641827576829"
"1995","Australia","1.3501","-1.229058453434774"
"1996","Australia","1.2775","-5.377379453373823"
"1997","Australia","1.3446","5.252446183953028"
"1998","Australia","1.5896","18.22103227725717"
"1999","Australia","1.5494","-2.528938097634612"
"2000","Australia","1.7197","10.991351490899696"
"2001","Australia","1.9346","12.496365645170675"
"2002","Australia","1.8392","-4.931251938385203"
"2003","Australia","1.5328","-16.659417137886038"
"2004","Australia","1.3578","-11.417014613778708"
"2005","Australia","1.3111","-3.4393872440712894"
"2006","Australia","1.3271","1.2203493249942807"
"2007","Australia","1.1918","-10.195162384145881"
"2008","Australia","1.1714","-1.71169659338815"
"2009","Australia","1.2615","7.691651015878442"
"2010","Australia","1.087","-13.832738803012292"
"2011","Australia","0.9679","-10.956761729530818"
"2012","Australia","0.9653","-0.26862279161069696"
"2013","Australia","1.0327","6.982285299906755"
"2014","Australia","1.1069","7.1850489009392895"
"2015","Australia","1.3294","20.101183485409695"
"2016","Australia","1.3432","1.038062283737027"
"1995","Brazil","0.9161","  "
"1996","Brazil","1.0051","9.715096605174116"
"1997","Brazil","1.0779","7.2430603920007925"
"1998","Brazil","1.1605","7.663048520270897"
"1999","Brazil","1.8207","56.889271865575175"
"2000","Brazil","1.8301","0.5162849453506934"
"2001","Brazil","2.3527","28.555816622042506"
"2002","Brazil","2.9213","24.16797721766481"
"2003","Brazil","3.075","5.261356245507143"
"2004","Brazil","2.9262","-4.839024390243903"
"2005","Brazil","2.4352","-16.77944091312966"
"2006","Brazil","2.1738","-10.734231274638637"
"2007","Brazil","1.9461","-10.47474468672371"
"2008","Brazil","1.8326","-5.832177174862543"
"2009","Brazil","1.9976","9.003601440576233"
"2010","Brazil","1.76","-11.894273127753305"
"2011","Brazil","1.6723","-4.982954545454551"
"2012","Brazil","1.9535","16.8151647431681"
"2013","Brazil","2.157","10.417199897619659"
"2014","Brazil","2.3512","9.003245248029668"
"2015","Brazil","3.336","41.8849948962232"
"2016","Brazil","3.4839","4.433453237410083"
"1971","Canada","1.0099","  "
"1972","Canada","0.9907","-1.9011783344885629"
"1973","Canada","1.0002","0.9589179368123502"
"1974","Canada","0.978","-2.219556088782243"
"1975","Canada","1.0175","4.038854805725981"
"1976","Canada","0.9863","-3.0663390663390775"
"1977","Canada","1.0633","7.806955287437896"
"1978","Canada","1.1405","7.260415687012148"
"1979","Canada","1.1713","2.700569925471279"
"1980","Canada","1.1693","-0.17075044821992674"
"1981","Canada","1.199","2.5399811853245584"
"1982","Canada","1.2344","2.9524603836530336"
"1983","Canada","1.2325","-0.15392093324692263"
"1984","Canada","1.2952","5.087221095334684"
"1985","Canada","1.3659","5.458616429894996"
"1986","Canada","1.3896","1.7351197012958528"
"1987","Canada","1.3259","-4.5840529648819714"
"1988","Canada","1.2306","-7.187570706689807"
"1989","Canada","1.1842","-3.770518446286365"
"1990","Canada","1.1668","-1.4693463941901588"
"1991","Canada","1.146","-1.7826534110387513"
"1992","Canada","1.2085","5.453752181500874"
"1993","Canada","1.2902","6.760446834919332"
"1994","Canada","1.3664","5.906061075802205"
"1995","Canada","1.3725","0.44642857142857095"
"1996","Canada","1.3638","-0.6338797814207761"
"1997","Canada","1.3849","1.5471476756122686"
"1998","Canada","1.4836","7.126868365947001"
"1999","Canada","1.4858","0.14828794823402397"
"2000","Canada","1.4855","-0.020191142818681312"
"2001","Canada","1.5487","4.25445977785257"
"2002","Canada","1.5704","1.4011751791825435"
"2003","Canada","1.4008","-10.799796230259805"
"2004","Canada","1.3017","-7.0745288406624764"
"2005","Canada","1.2115","-6.929400015364527"
"2006","Canada","1.134","-6.397028477094521"
"2007","Canada","1.0734","-5.343915343915343"
"2008","Canada","1.066","-0.6893981740264441"
"2009","Canada","1.1412","7.054409005628511"
"2010","Canada","1.0298","-9.761654398878369"
"2011","Canada","0.9887","-3.991066226451741"
"2012","Canada","0.9995","1.0923434813391353"
"2013","Canada","1.03","3.0515257628814374"
"2014","Canada","1.1043","7.213592233009712"
"2015","Canada","1.2791","15.829031965951264"
"2016","Canada","1.3243","3.5337346571808403"
"1981","China","1.71","  "
"1982","China","1.8979","10.98830409356725"
"1983","China","1.981","4.3785236313820635"
"1984","China","2.3303","17.632508833922248"
"1985","China","2.9434","26.309917178045755"
"1986","China","3.4616","17.605490249371467"
"1987","China","3.7314","7.7940836607349215"
"1988","China","3.7314","0.0"
"1989","China","3.7673","0.9621053759982919"
"1990","China","4.7921","27.202505773365527"
"1991","China","5.3337","11.301934433755573"
"1992","China","5.5206","3.5041340907812515"
"1993","China","5.7795","4.689707640473856"
"1994","China","8.6397","49.488710096029074"
"1995","China","8.37","-3.121636167922501"
"1996","China","8.3389","-0.37156511350058036"
"1997","China","8.3193","-0.23504299128182976"
"1998","China","8.3008","-0.22237447862199367"
"1999","China","8.2783","-0.2710582112567566"
"2000","China","8.2784","0.001207977483296896"
"2001","China","8.277","-0.016911480479323178"
"2002","China","8.2771","0.001208167210360557"
"2003","China","8.2772","0.0012081526138353641"
"2004","China","8.2768","-0.0048325520707587595"
"2005","China","8.1936","-1.005219408467037"
"2006","China","7.9723","-2.7008884983401713"
"2007","China","7.6058","-4.5971676931374805"
"2008","China","6.9477","-8.652607220805177"
"2009","China","6.8307","-1.6840105358607884"
"2010","China","6.7696","-0.8944910477696371"
"2011","China","6.463","-4.529071141574089"
"2012","China","6.3093","-2.3781525607303067"
"2013","China","6.1478","-2.559713438891798"
"2014","China","6.162","0.23097693483847503"
"2015","China","6.2827","1.9587796170074692"
"2016","China","6.64","5.687045378579265"
"1971","Denmark","7.4048","  "
"1972","Denmark","6.9531","-6.100097234226444"
"1973","Denmark","6.0447","-13.06467618759978"
"1974","Denmark","6.0925","0.7907753900110925"
"1975","Denmark","5.7481","-5.652851867049655"
"1976","Denmark","6.0461","5.184321775891164"
"1977","Denmark","6.005","-0.6797770463604661"
"1978","Denmark","5.5162","-8.139883430474596"
"1979","Denmark","5.2623","-4.602806279685303"
"1980","Denmark","5.6346","7.074853201071776"
"1981","Denmark","7.1351","26.630106839882167"
"1982","Denmark","8.3444","16.948606186318337"
"1983","Denmark","9.1484","9.635204448492406"
"1984","Denmark","10.3541","13.179353766778892"
"1985","Denmark","10.5983","2.3584860103726957"
"1986","Denmark","8.0955","-23.615108083371865"
"1987","Denmark","6.8478","-15.412266073744663"
"1988","Denmark","6.7412","-1.5567043430006753"
"1989","Denmark","7.321","8.600842579956087"
"1990","Denmark","6.1899","-15.45007512634886"
"1991","Denmark","6.4038","3.455629331653187"
"1992","Denmark","6.0372","-5.724725943970768"
"1993","Denmark","6.4863","7.438878950506851"
"1994","Denmark","6.3561","-2.0073077100966703"
"1995","Denmark","5.5999","-11.897232579726559"
"1996","Denmark","5.8003","3.5786353327738016"
"1997","Denmark","6.6092","13.945830388083383"
"1998","Denmark","6.703","1.4192337953156189"
"1999","Denmark","6.99","4.281664926152468"
"2000","Denmark","8.0953","15.812589413447778"
"2001","Denmark","8.3323","2.9276246711054577"
"2002","Denmark","7.8862","-5.353863879121016"
"2003","Denmark","6.5774","-16.596079227004132"
"2004","Denmark","5.9891","-8.944263690820085"
"2005","Denmark","5.9953","0.10352139720493313"
"2006","Denmark","5.9422","-0.8856937934715625"
"2007","Denmark","5.4413","-8.42953788159267"
"2008","Denmark","5.0885","-6.483744693363723"
"2009","Denmark","5.3574","5.284464970030468"
"2010","Denmark","5.6265","5.022958897972895"
"2011","Denmark","5.3535","-4.852039456145022"
"2012","Denmark","5.7922","8.19463902120108"
"2013","Denmark","5.617","-3.024757432409106"
"2014","Denmark","5.6151","-0.03382588570411274"
"2015","Denmark","6.7263","19.78949617994337"
"2016","Denmark","6.7276","0.019327118921243995"
"1999","Euro","0.9387","  "
"2000","Euro","1.0832","15.393629487589216"
"2001","Euro","1.1171","3.1296159527326477"
"2002","Euro","1.0578","-5.3083877898129"
"2003","Euro","0.8833","-16.496502174324075"
"2004","Euro","0.804","-8.977697271595146"
"2005","Euro","0.8033","-0.08706467661691963"
"2006","Euro","0.796","-0.9087514004730454"
"2007","Euro","0.7293","-8.379396984924634"
"2008","Euro","0.6791","-6.8833127656656945"
"2009","Euro","0.7176","5.669268149020759"
"2010","Euro","0.7541","5.086399108138235"
"2011","Euro","0.7178","-4.813685187640896"
"2012","Euro","0.7777","8.344942881025348"
"2013","Euro","0.753","-3.176031888903169"
"2014","Euro","0.752","-0.13280212483399748"
"2015","Euro","0.9012","19.840425531914892"
"2016","Euro","0.9032","0.22192632046160693"
"1981","Hong Kong","5.5901","  "
"1982","Hong Kong","6.0698","8.581241838249767"
"1983","Hong Kong","7.257","19.559128801607958"
"1984","Hong Kong","7.8189","7.742868954113277"
"1985","Hong Kong","7.7912","-0.3542697821944299"
"1986","Hong Kong","7.8038","0.16172091590512302"
"1987","Hong Kong","7.7986","-0.06663420384939936"
"1988","Hong Kong","7.8068","0.10514707768060345"
"1989","Hong Kong","7.8008","-0.0768560741917332"
"1990","Hong Kong","7.7899","-0.13972925853757903"
"1991","Hong Kong","7.7712","-0.24005442945352234"
"1992","Hong Kong","7.7402","-0.3989087914350497"
"1993","Hong Kong","7.7357","-0.058138032608978714"
"1994","Hong Kong","7.729","-0.08661142495183997"
"1995","Hong Kong","7.7357","0.08668650536938134"
"1996","Hong Kong","7.7345","-0.015512494021224555"
"1997","Hong Kong","7.7431","0.11119012217984854"
"1998","Hong Kong","7.7467","0.04649300667690723"
"1999","Hong Kong","7.7594","0.1639407747815276"
"2000","Hong Kong","7.7924","0.4252906152537499"
"2001","Hong Kong","7.7997","0.09368102253477571"
"2002","Hong Kong","7.7996","-0.0012821005936095868"
"2003","Hong Kong","7.7875","-0.1551361608287633"
"2004","Hong Kong","7.7891","0.02054574638845216"
"2005","Hong Kong","7.7775","-0.14892606334493713"
"2006","Hong Kong","7.7681","-0.12086145933783732"
"2007","Hong Kong","7.8016","0.4312508850298025"
"2008","Hong Kong","7.7862","-0.19739540607054498"
"2009","Hong Kong","7.7514","-0.44694459428218797"
"2010","Hong Kong","7.7687","0.22318548907293714"
"2011","Hong Kong","7.7841","0.19823136432092417"
"2012","Hong Kong","7.7569","-0.34943024884058105"
"2013","Hong Kong","7.7565","-0.005156699196843533"
"2014","Hong Kong","7.7545","-0.025784825630113837"
"2015","Hong Kong","7.7524","-0.02708104971307544"
"2016","Hong Kong","7.762","0.1238326195758711"
"1973","India","7.65","  "
"1974","India","8.03","4.967320261437895"
"1975","India","8.41","4.7322540473225505"
"1976","India","8.97","6.658739595719387"
"1977","India","8.77","-2.2296544035674586"
"1978","India","8.2","-6.49942987457241"
"1979","India","8.16","-0.48780487804877015"
"1980","India","7.89","-3.3088235294117703"
"1981","India","8.68","10.012674271229404"
"1982","India","9.48","9.21658986175116"
"1983","India","10.1","6.540084388185645"
"1984","India","11.35","12.376237623762377"
"1985","India","12.33","8.63436123348018"
"1986","India","12.6","2.1897810218978067"
"1987","India","12.95","2.777777777777775"
"1988","India","13.9","7.335907335907345"
"1989","India","16.21","16.618705035971225"
"1990","India","17.49","7.896360271437369"
"1991","India","22.71","29.84562607204118"
"1992","India","28.16","23.998238661382647"
"1993","India","31.29","11.115056818181815"
"1994","India","31.39","0.3195909236177738"
"1995","India","32.42","3.281299776999048"
"1996","India","35.51","9.531153608883393"
"1997","India","36.36","2.3936919177696465"
"1998","India","41.36","13.751375137513753"
"1999","India","43.13","4.2794970986460426"
"2000","India","45.0","4.33572919081845"
"2001","India","47.22","4.933333333333331"
"2002","India","48.63","2.9860228716645567"
"2003","India","46.59","-4.194941394201108"
"2004","India","45.26","-2.854689847606794"
"2005","India","44.0","-2.7839151568714056"
"2006","India","45.19","2.7045454545454493"
"2007","India","41.18","-8.873644611639738"
"2008","India","43.39","5.366682855755223"
"2009","India","48.33","11.385111776907115"
"2010","India","45.65","-5.545210014483757"
"2011","India","46.58","2.037239868565169"
"2012","India","53.37","14.577071704594244"
"2013","India","58.51","9.630878770845046"
"2014","India","61.0","4.255682789266796"
"2015","India","64.11","5.098360655737704"
"2016","India","67.16","4.757448136016218"
"1971","Japan","347.79","  "
"1972","Japan","303.13","-12.84108226228472"
"1973","Japan","271.31","-10.497146438821625"
"1974","Japan","291.84","7.566989790276795"
"1975","Japan","296.78","1.6927083333333328"
"1976","Japan","296.45","-0.11119347664936455"
"1977","Japan","268.62","-9.387755102040812"
"1978","Japan","210.39","-21.677462586553503"
"1979","Japan","219.02","4.101905984124732"
"1980","Japan","226.63","3.4745685325540974"
"1981","Japan","220.63","-2.6474870935004193"
"1982","Japan","249.06","12.885826950097451"
"1983","Japan","237.55","-4.621376375170638"
"1984","Japan","237.46","-0.03788676068196312"
"1985","Japan","238.47","0.42533479322832934"
"1986","Japan","168.35","-29.404117918396445"
"1987","Japan","144.6","-14.107514107514108"
"1988","Japan","128.17","-11.362378976486866"
"1989","Japan","138.07","7.724116407895769"
"1990","Japan","145.0","5.019193162888396"
"1991","Japan","134.59","-7.179310344827584"
"1992","Japan","126.78","-5.802808529608442"
"1993","Japan","111.08","-12.38365672819057"
"1994","Japan","102.18","-8.012243428159877"
"1995","Japan","93.96","-8.044627128596607"
"1996","Japan","108.78","15.772669220945094"
"1997","Japan","121.06","11.288839860268432"
"1998","Japan","130.99","8.202544192962174"
"1999","Japan","113.73","-13.176578364760672"
"2000","Japan","107.8","-5.214103578651197"
"2001","Japan","121.57","12.773654916512056"
"2002","Japan","125.22","3.002385456938394"
"2003","Japan","115.94","-7.410956716179524"
"2004","Japan","108.15","-6.718992582370185"
"2005","Japan","110.11","1.8122977346278257"
"2006","Japan","116.31","5.630732903460179"
"2007","Japan","117.76","1.2466683862092707"
"2008","Japan","103.39","-12.202785326086959"
"2009","Japan","93.68","-9.391623948157456"
"2010","Japan","87.78","-6.298035866780535"
"2011","Japan","79.7","-9.204830257461834"
"2012","Japan","79.82","0.15056461731491885"
"2013","Japan","97.6","22.275119017790033"
"2014","Japan","105.74","8.34016393442623"
"2015","Japan","121.05","14.478910535275205"
"2016","Japan","108.66","-10.23543990086741"
"1971","Malaysia","3.0318","  "
"1972","Malaysia","2.8085","-7.365261560788971"
"1973","Malaysia","2.4468","-12.878760904397362"
"1974","Malaysia","2.407","-1.6266143534412316"
"1975","Malaysia","2.4029","-0.17033651848775297"
"1976","Malaysia","2.5422","5.797161762869865"
"1977","Malaysia","2.4625","-3.1350798520966046"
"1978","Malaysia","2.3168","-5.9167512690355215"
"1979","Malaysia","2.1883","-5.546443370165758"
"1980","Malaysia","2.1768","-0.5255220947767602"
"1981","Malaysia","2.3048","5.880191106210956"
"1982","Malaysia","2.3356","1.336341548073573"
"1983","Malaysia","2.3205","-0.6465148141805057"
"1984","Malaysia","2.3428","0.9609997845291957"
"1985","Malaysia","2.4807","5.886119173638387"
"1986","Malaysia","2.5831","4.127867134276608"
"1987","Malaysia","2.5186","-2.496999729007773"
"1988","Malaysia","2.619","3.9863416183594076"
"1989","Malaysia","2.7079","3.3944253531882302"
"1990","Malaysia","2.7049","-0.11078695668230415"
"1991","Malaysia","2.7503","1.678435431993801"
"1992","Malaysia","2.5463","-7.4173726502563415"
"1993","Malaysia","2.5738","1.0799984290931885"
"1994","Malaysia","2.6237","1.9387675810086276"
"1995","Malaysia","2.5073","-4.4364828295918"
"1996","Malaysia","2.5154","0.32305667451043824"
"1997","Malaysia","2.8173","12.002067265643628"
"1998","Malaysia","3.9254","39.33198452418982"
"1999","Malaysia","3.8","-3.1945788964181987"
"2000","Malaysia","3.8","0.0"
"2001","Malaysia","3.8","0.0"
"2002","Malaysia","3.8","0.0"
"2003","Malaysia","3.8","0.0"
"2004","Malaysia","3.8","0.0"
"2005","Malaysia","3.7869","-0.3447368421052544"
"2006","Malaysia","3.6661","-3.1899442816023664"
"2007","Malaysia","3.4354","-6.2927907040178965"
"2008","Malaysia","3.3292","-3.0913430750422033"
"2009","Malaysia","3.5231","5.8242220353237935"
"2010","Malaysia","3.2175","-8.674178990093955"
"2011","Malaysia","3.0564","-5.006993006993001"
"2012","Malaysia","3.0862","0.9750032718230541"
"2013","Malaysia","3.1488","2.02838442097078"
"2014","Malaysia","3.2697","3.8395579268292614"
"2015","Malaysia","3.9041","19.402391656726927"
"2016","Malaysia","4.1372","5.970646243692525"
"1993","Mexico","3.124","  "
"1994","Mexico","3.385","8.354673495518556"
"1995","Mexico","6.447","90.4579025110783"
"1996","Mexico","7.6","17.88428726539475"
"1997","Mexico","7.918","4.1842105263157965"
"1998","Mexico","9.152","15.584743622126787"
"1999","Mexico","9.553","4.381555944055961"
"2000","Mexico","9.459","-0.9839840887679387"
"2001","Mexico","9.337","-1.2897769320224115"
"2002","Mexico","9.663","3.491485487844067"
"2003","Mexico","10.793","11.694090862051112"
"2004","Mexico","11.29","4.604836468081163"
"2005","Mexico","10.894","-3.5075287865367497"
"2006","Mexico","10.906","0.11015237745548424"
"2007","Mexico","10.928","0.20172382174949788"
"2008","Mexico","11.143","1.9674231332357233"
"2009","Mexico","13.498","21.134344431481633"
"2010","Mexico","12.624","-6.475033338272327"
"2011","Mexico","12.427","-1.560519645120413"
"2012","Mexico","13.154","5.850164963386177"
"2013","Mexico","12.758","-3.0104911053671946"
"2014","Mexico","13.302","4.263991221194549"
"2015","Mexico","15.874","19.33543827995791"
"2016","Mexico","18.667","17.59480912183445"
"1971","New Zealand","0.88","  "
"1972","New Zealand","0.8379","-4.784090909090912"
"1973","New Zealand","0.7355","-12.221028762382138"
"1974","New Zealand","0.7142","-2.89598912304556"
"1975","New Zealand","0.8254","15.569868384206117"
"1976","New Zealand","1.0089","22.231645262902823"
"1977","New Zealand","1.0321","2.2995341460997234"
"1978","New Zealand","0.9649","-6.510996996415079"
"1979","New Zealand","0.9782","1.3783811793968264"
"1980","New Zealand","1.0273","5.019423430791265"
"1981","New Zealand","1.1514","12.080210259904591"
"1982","New Zealand","1.3316","15.650512419663013"
"1983","New Zealand","1.4972","12.436167017122274"
"1984","New Zealand","1.7289","15.475554368153887"
"1985","New Zealand","2.0101","16.26467696223031"
"1986","New Zealand","1.9062","-5.168897069797527"
"1987","New Zealand","1.6855","-11.57800860350435"
"1988","New Zealand","1.5253","-9.504598042123993"
"1989","New Zealand","1.6725","9.650560545466465"
"1990","New Zealand","1.6773","0.28699551569506215"
"1991","New Zealand","1.7292","3.09425862994098"
"1992","New Zealand","1.8591","7.5121443442054066"
"1993","New Zealand","1.8474","-0.6293367758592892"
"1994","New Zealand","1.6846","-8.812384973476227"
"1995","New Zealand","1.5237","-9.55122877834501"
"1996","New Zealand","1.4541","-4.567828312659979"
"1997","New Zealand","1.5094","3.803039680902285"
"1998","New Zealand","1.8653","23.57890552537431"
"1999","New Zealand","1.8896","1.3027395057095368"
"2000","New Zealand","2.1891","15.849915325994912"
"2001","New Zealand","2.3798","8.711342560869769"
"2002","New Zealand","2.1529","-9.534414656693844"
"2003","New Zealand","1.7176","-20.219239165776386"
"2004","New Zealand","1.5053","-12.360270144387513"
"2005","New Zealand","1.4186","-5.759649239354281"
"2006","New Zealand","1.5404","8.58592978993373"
"2007","New Zealand","1.3578","-11.854063879511822"
"2008","New Zealand","1.3984","2.9901310944174546"
"2009","New Zealand","1.5728","12.471395881006856"
"2010","New Zealand","1.3858","-11.889623601220757"
"2011","New Zealand","1.2626","-8.890171741954104"
"2012","New Zealand","1.2338","-2.28100744495485"
"2013","New Zealand","1.2189","-1.207651159020904"
"2014","New Zealand","1.2029","-1.3126589547953083"
"2015","New Zealand","1.4284","18.74636295618919"
"2016","New Zealand","1.4335","0.3570428451414243"
"1971","Norway","7.0222","  "
"1972","Norway","6.5875","-6.190367691036989"
"1973","Norway","5.7535","-12.660341555977237"
"1974","Norway","5.5255","-3.9628052489788783"
"1975","Norway","5.2283","-5.378698760293188"
"1976","Norway","5.459","4.412524147428412"
"1977","Norway","5.324","-2.472980399340535"
"1978","Norway","5.2467","-1.4519158527423017"
"1979","Norway","5.0651","-3.4612232450873797"
"1980","Norway","4.9382","-2.505379953011787"
"1981","Norway","5.7431","16.29946134218946"
"1982","Norway","6.4568","12.427086416743574"
"1983","Norway","7.3013","13.079234295626316"
"1984","Norway","8.1597","11.75681043101914"
"1985","Norway","8.5934","5.315146390185912"
"1986","Norway","7.3985","-13.904857216002982"
"1987","Norway","6.7409","-8.888288166520246"
"1988","Norway","6.5243","-3.213220786541852"
"1989","Norway","6.9131","5.95925999724108"
"1990","Norway","6.2621","-9.41690413851962"
"1991","Norway","6.4912","3.6585171108733467"
"1992","Norway","6.2142","-4.267315750554599"
"1993","Norway","7.1009","14.268932445045223"
"1994","Norway","7.0553","-0.6421721190271699"
"1995","Norway","6.3355","-10.20225929443114"
"1996","Norway","6.4594","1.9556467524267998"
"1997","Norway","7.0857","9.695946991980687"
"1998","Norway","7.5521","6.582271335224468"
"1999","Norway","7.8071","3.3765442724540176"
"2000","Norway","8.8131","12.8857066004022"
"2001","Norway","8.9964","2.079858392620067"
"2002","Norway","7.9839","-11.25450180072028"
"2003","Norway","7.0803","-11.317777026265357"
"2004","Norway","6.7399","-4.807705888168591"
"2005","Norway","6.4412","-4.431816495793696"
"2006","Norway","6.4095","-0.49214432093398497"
"2007","Norway","5.8557","-8.640299555347541"
"2008","Norway","5.6365","-3.7433611694588156"
"2009","Norway","6.2908","11.60826754191431"
"2010","Norway","6.0451","-3.9057035671138842"
"2011","Norway","5.6022","-7.326595093546838"
"2012","Norway","5.8181","3.8538431330548786"
"2013","Norway","5.8772","1.0157955346247045"
"2014","Norway","6.2969","7.141155652351455"
"2015","Norway","8.0681","28.128126538455422"
"2016","Norway","8.3936","4.034407109480545"
"1981","Singapore","2.1138","  "
"1982","Singapore","2.1406","1.2678588324344857"
"1983","Singapore","2.1137","-1.2566570120526919"
"1984","Singapore","2.1327","0.8988976675970897"
"1985","Singapore","2.2009","3.1978243541051268"
"1986","Singapore","2.1783","-1.0268526511881382"
"1987","Singapore","2.1059","-3.32369278795391"
"1988","Singapore","2.0133","-4.397169856118524"
"1989","Singapore","1.9511","-3.0894551234291976"
"1990","Singapore","1.8134","-7.057557275383125"
"1991","Singapore","1.7283","-4.692842174920037"
"1992","Singapore","1.6294","-5.722386159810218"
"1993","Singapore","1.6158","-0.834663066159326"
"1994","Singapore","1.5275","-5.464785245698715"
"1995","Singapore","1.4171","-7.227495908346976"
"1996","Singapore","1.41","-0.5010232164279237"
"1997","Singapore","1.4857","5.368794326241142"
"1998","Singapore","1.6722","12.553005317358812"
"1999","Singapore","1.6951","1.3694534146633264"
"2000","Singapore","1.725","1.7639077340569898"
"2001","Singapore","1.793","3.9420289855072372"
"2002","Singapore","1.7908","-0.12269938650306636"
"2003","Singapore","1.7429","-2.674782220236769"
"2004","Singapore","1.6902","-3.0236961386195405"
"2005","Singapore","1.6639","-1.5560288723228015"
"2006","Singapore","1.5882","-4.549552256746192"
"2007","Singapore","1.5065","-5.144188389371622"
"2008","Singapore","1.414","-6.140059741121807"
"2009","Singapore","1.4543","2.8500707213578504"
"2010","Singapore","1.3629","-6.2848105617822965"
"2011","Singapore","1.2565","-7.806882383153574"
"2012","Singapore","1.2492","-0.5809789096697066"
"2013","Singapore","1.2511","0.1520973422990724"
"2014","Singapore","1.2665","1.2309167932219531"
"2015","Singapore","1.3746","8.535333596525865"
"2016","Singapore","1.38","0.39284155390658"
"1971","South Africa","0.7129","  "
"1972","South Africa","0.7732","8.458409314069296"
"1973","South Africa","0.6964","-9.932747025349196"
"1974","South Africa","0.6806","-2.2688110281447496"
"1975","South Africa","0.7408","8.84513664413753"
"1976","South Africa","0.8707","17.535097192224626"
"1977","South Africa","0.8697","-0.11485012059262673"
"1978","South Africa","0.8695","-0.022996435552486833"
"1979","South Africa","0.8424","-3.1167337550316287"
"1980","South Africa","0.7796","-7.45489078822413"
"1981","South Africa","0.8787","12.71164699846076"
"1982","South Africa","1.0876","23.77375668601341"
"1983","South Africa","1.1146","2.4825303420375264"
"1984","South Africa","1.4761","32.43315987798312"
"1985","South Africa","2.2344","51.371858275184614"
"1986","South Africa","2.2919","2.573397780164702"
"1987","South Africa","2.0385","-11.056328810157515"
"1988","South Africa","2.277","11.699779249448133"
"1989","South Africa","2.6243","15.25252525252524"
"1990","South Africa","2.5885","-1.3641733033570878"
"1991","South Africa","2.7633","6.752945721460317"
"1992","South Africa","2.8524","3.224405601997602"
"1993","South Africa","3.2721","14.713925115692057"
"1994","South Africa","3.5526","8.572476391308333"
"1995","South Africa","3.6284","2.1336485953949245"
"1996","South Africa","4.3011","18.5398522764855"
"1997","South Africa","4.6072","7.116784078491545"
"1998","South Africa","5.5417","20.28346935231811"
"1999","South Africa","6.1191","10.419185448508596"
"2000","South Africa","6.9468","13.526498994950224"
"2001","South Africa","8.6093","23.931882305521963"
"2002","South Africa","10.5176","22.165565144669145"
"2003","South Africa","7.555","-28.168023123145968"
"2004","South Africa","6.4402","-14.75579086697551"
"2005","South Africa","6.3606","-1.2359864600478265"
"2006","South Africa","6.7668","6.386189982077164"
"2007","South Africa","7.0477","4.151149731039781"
"2008","South Africa","8.248","17.03108815641982"
"2009","South Africa","8.4117","1.9847235693501504"
"2010","South Africa","7.3159","-13.027093215402353"
"2011","South Africa","7.251","-0.8871088997935965"
"2012","South Africa","8.2014","13.10715763342986"
"2013","South Africa","9.6436","17.584802594678955"
"2014","South Africa","10.842","12.426894520718418"
"2015","South Africa","12.7645","17.731968271536612"
"2016","South Africa","14.6821","15.022915116142427"
"1981","South Korea","686.07","  "
"1982","South Korea","731.94","6.685906685906685"
"1983","South Korea","776.05","6.0264502554854085"
"1984","South Korea","807.93","4.107982733071323"
"1985","South Korea","872.45","7.9858403574567225"
"1986","South Korea","884.6","1.3926299501404065"
"1987","South Korea","826.16","-6.606375763056755"
"1988","South Korea","734.52","-11.092282366611792"
"1989","South Korea","674.13","-8.22169580133965"
"1990","South Korea","710.64","5.415869342708379"
"1991","South Korea","736.73","3.671338511764048"
"1992","South Korea","784.66","6.505775521561488"
"1993","South Korea","805.75","2.687788341447255"
"1994","South Korea","806.93","0.14644740924603786"
"1995","South Korea","772.69","-4.2432429083067795"
"1996","South Korea","805.0","4.18149581332746"
"1997","South Korea","953.19","18.408695652173922"
"1998","South Korea","1400.4","46.91719384382967"
"1999","South Korea","1189.84","-15.035704084547282"
"2000","South Korea","1130.9","-4.9536072076917765"
"2001","South Korea","1292.01","14.246175612344143"
"2002","South Korea","1250.31","-3.227529198690416"
"2003","South Korea","1192.08","-4.657245003239199"
"2004","South Korea","1145.24","-3.9292664921817257"
"2005","South Korea","1023.75","-10.608256784604102"
"2006","South Korea","954.32","-6.781929181929177"
"2007","South Korea","928.97","-2.6563416883225774"
"2008","South Korea","1098.71","18.271849467690025"
"2009","South Korea","1274.63","16.011504400615273"
"2010","South Korea","1155.74","-9.32741266092906"
"2011","South Korea","1106.94","-4.222402962604042"
"2012","South Korea","1126.16","1.7363181382911472"
"2013","South Korea","1094.67","-2.796227889465085"
"2014","South Korea","1052.29","-3.871486384024419"
"2015","South Korea","1130.96","7.476075986657678"
"2016","South Korea","1159.34","2.5093725684374233"
"1971","Sweden","5.1051","  "
"1972","Sweden","4.7571","-6.816712699065637"
"1973","Sweden","4.3619","-8.307582350591748"
"1974","Sweden","4.4387","1.7607006121185615"
"1975","Sweden","4.1531","-6.434316353887391"
"1976","Sweden","4.358","4.933664010016599"
"1977","Sweden","4.4802","2.8040385497934905"
"1978","Sweden","4.5207","0.9039775010044141"
"1979","Sweden","4.2893","-5.118676311190741"
"1980","Sweden","4.231","-1.359196139230178"
"1981","Sweden","5.066","19.73528716615457"
"1982","Sweden","6.2839","24.04066324516384"
"1983","Sweden","7.6718","22.086602269291365"
"1984","Sweden","8.2708","7.807815636486865"
"1985","Sweden","8.6032","4.018958262804079"
"1986","Sweden","7.1273","-17.155244560163656"
"1987","Sweden","6.3469","-10.949447897520804"
"1988","Sweden","6.137","-3.307126313633431"
"1989","Sweden","6.4559","5.196350008147307"
"1990","Sweden","5.9231","-8.252915937359624"
"1991","Sweden","6.0521","2.177913592544452"
"1992","Sweden","5.8258","-3.739197964342958"
"1993","Sweden","7.7956","33.81166535068145"
"1994","Sweden","7.7161","-1.019806044435327"
"1995","Sweden","7.1406","-7.4584310726921625"
"1996","Sweden","6.7082","-6.055513542279365"
"1997","Sweden","7.6447","13.960525923496625"
"1998","Sweden","7.9522","4.022394600180519"
"1999","Sweden","8.274","4.04667890646612"
"2000","Sweden","9.1735","10.8714043993232"
"2001","Sweden","10.3425","12.74322777565813"
"2002","Sweden","9.7233","-5.986947063089189"
"2003","Sweden","8.0787","-16.914010675387992"
"2004","Sweden","7.348","-9.04477205490982"
"2005","Sweden","7.471","1.673924877517695"
"2006","Sweden","7.3718","-1.327800829875515"
"2007","Sweden","6.755","-8.36702026642069"
"2008","Sweden","6.5846","-2.522575869726127"
"2009","Sweden","7.6539","16.23940710141846"
"2010","Sweden","7.2053","-5.861064294020041"
"2011","Sweden","6.4878","-9.957947621889446"
"2012","Sweden","6.7721","4.38207096396313"
"2013","Sweden","6.5124","-3.834851818490566"
"2014","Sweden","6.8576","5.300657207788208"
"2015","Sweden","8.435","23.002216518898752"
"2016","Sweden","8.5541","1.411973918197979"
"1971","Switzerland","4.1171","  "
"1972","Switzerland","3.8186","-7.250248961647757"
"1973","Switzerland","3.1688","-17.016707693919237"
"1974","Switzerland","2.9805","-5.942312547336528"
"1975","Switzerland","2.5839","-13.30649219929543"
"1976","Switzerland","2.5002","-3.239289446185994"
"1977","Switzerland","2.4065","-3.7477001839852857"
"1978","Switzerland","1.7907","-25.589029711198837"
"1979","Switzerland","1.6644","-7.053107723236715"
"1980","Switzerland","1.6772","0.7690459024272964"
"1981","Switzerland","1.9675","17.308609587407584"
"1982","Switzerland","2.0319","3.2731893265565333"
"1983","Switzerland","2.1007","3.385993405187262"
"1984","Switzerland","2.35","11.867472747179526"
"1985","Switzerland","2.4552","4.476595744680849"
"1986","Switzerland","1.7979","-26.77174975562072"
"1987","Switzerland","1.4918","-17.025418543856723"
"1988","Switzerland","1.4643","-1.8434106448585654"
"1989","Switzerland","1.6369","11.787202076077314"
"1990","Switzerland","1.3901","-15.077280224815206"
"1991","Switzerland","1.4356","3.273145816847716"
"1992","Switzerland","1.4064","-2.0339927556422324"
"1993","Switzerland","1.4781","5.0981228668941885"
"1994","Switzerland","1.3667","-7.536702523509908"
"1995","Switzerland","1.1812","-13.572839686836907"
"1996","Switzerland","1.2361","4.647815780562136"
"1997","Switzerland","1.4514","17.4176846533452"
"1998","Switzerland","1.4506","-0.05511919525975844"
"1999","Switzerland","1.5045","3.7157038466841352"
"2000","Switzerland","1.6904","12.35626453971419"
"2001","Switzerland","1.6891","-0.07690487458588836"
"2002","Switzerland","1.5567","-7.838493872476471"
"2003","Switzerland","1.345","-13.599280529324853"
"2004","Switzerland","1.2428","-7.598513011152422"
"2005","Switzerland","1.2459","0.24943675571291463"
"2006","Switzerland","1.2532","0.5859218235813536"
"2007","Switzerland","1.1999","-4.2531120331950305"
"2008","Switzerland","1.0816","-9.859154929577471"
"2009","Switzerland","1.086","0.4068047337278275"
"2010","Switzerland","1.0432","-3.941068139963183"
"2011","Switzerland","0.8862","-15.049846625766863"
"2012","Switzerland","0.9377","5.81132927104491"
"2013","Switzerland","0.9269","-1.151754292417621"
"2014","Switzerland","0.9147","-1.3162153414607822"
"2015","Switzerland","0.9628","5.258554717393685"
"2016","Switzerland","0.9848","2.285002077274618"
"1983","Taiwan","39.285","  "
"1984","Taiwan","39.636","0.8934707903780228"
"1985","Taiwan","39.9","0.666061156524361"
"1986","Taiwan","37.852","-5.132832080200506"
"1987","Taiwan","31.753","-16.11275494029377"
"1988","Taiwan","28.636","-9.816395301231383"
"1989","Taiwan","26.407","-7.7839083670903735"
"1990","Taiwan","26.918","1.9350929677736934"
"1991","Taiwan","26.759","-0.5906828144735824"
"1992","Taiwan","25.16","-5.975559624799134"
"1993","Taiwan","26.416","4.992050874403817"
"1994","Taiwan","26.465","0.18549364021804773"
"1995","Taiwan","26.496","0.11713583978839527"
"1996","Taiwan","27.468","3.6684782608695703"
"1997","Taiwan","28.775","4.758264161933882"
"1998","Taiwan","33.547","16.583840139009553"
"1999","Taiwan","32.322","-3.65159328703012"
"2000","Taiwan","31.26","-3.285687766846114"
"2001","Taiwan","33.824","8.20217530390274"
"2002","Taiwan","34.536","2.1050141911069162"
"2003","Taiwan","34.405","-0.37931433866110786"
"2004","Taiwan","33.372","-3.0024705711379194"
"2005","Taiwan","32.131","-3.718686323864316"
"2006","Taiwan","32.507","1.1702094550434088"
"2007","Taiwan","32.855","1.070538653213151"
"2008","Taiwan","31.521","-4.060264799878242"
"2009","Taiwan","33.02","4.755559785539806"
"2010","Taiwan","31.497","-4.612356147789228"
"2011","Taiwan","29.382","-6.714925230974374"
"2012","Taiwan","29.558","0.5990061942685942"
"2013","Taiwan","29.68","0.41274781784965114"
"2014","Taiwan","30.299","2.085579514824797"
"2015","Taiwan","31.744","4.769134294861217"
"2016","Taiwan","32.226","1.5183971774193525"
"1981","Thailand","21.819","  "
"1982","Thailand","23.014","5.476877950410194"
"1983","Thailand","22.992","-0.09559398626922076"
"1984","Thailand","23.583","2.5704592901878804"
"1985","Thailand","27.194","15.311877199677737"
"1986","Thailand","26.315","-3.232330661175251"
"1987","Thailand","25.771","-2.0672620178605374"
"1988","Thailand","25.312","-1.7810717473128697"
"1989","Thailand","25.72","1.6118836915297"
"1990","Thailand","25.609","-0.43157076205286593"
"1991","Thailand","25.542","-0.26162677183802635"
"1992","Thailand","25.411","-0.5128807454388858"
"1993","Thailand","25.333","-0.3069536814765375"
"1994","Thailand","25.161","-0.6789563020565944"
"1995","Thailand","24.921","-0.9538571598903143"
"1996","Thailand","25.359","1.7575538702299363"
"1997","Thailand","31.072","22.52849087109112"
"1998","Thailand","41.262","32.79479917610711"
"1999","Thailand","37.887","-8.179438708739276"
"2000","Thailand","40.21","6.131390714493099"
"2001","Thailand","44.532","10.74857000746082"
"2002","Thailand","43.019","-3.397556813078232"
"2003","Thailand","41.556","-3.400822892210421"
"2004","Thailand","40.271","-3.0922129175088955"
"2005","Thailand","40.252","-0.047180353107691274"
"2006","Thailand","37.876","-5.902812282619509"
"2007","Thailand","32.203","-14.977822367726251"
"2008","Thailand","32.962","2.3569232680185084"
"2009","Thailand","34.31","4.089557672471327"
"2010","Thailand","31.7","-7.607111629262614"
"2011","Thailand","30.462","-3.9053627760252354"
"2012","Thailand","31.055","1.9466876764493466"
"2013","Thailand","30.696","-1.1560135243922016"
"2014","Thailand","32.462","5.753192598384159"
"2015","Thailand","34.242","5.483334360174955"
"2016","Thailand","35.264","2.9846387477367142"
"1995","Venezuela","0.17","  "
"1996","Venezuela","0.42","147.05882352941174"
"1997","Venezuela","0.49","16.666666666666668"
"1998","Venezuela","0.55","12.244897959183684"
"1999","Venezuela","0.61","10.909090909090898"
"2000","Venezuela","0.68","11.475409836065584"
"2001","Venezuela","0.72","5.8823529411764595"
"2002","Venezuela","1.16","61.11111111111111"
"2003","Venezuela","1.61","38.79310344827588"
"2004","Venezuela","1.89","17.391304347826072"
"2005","Venezuela","2.11","11.64021164021164"
"2006","Venezuela","2.14","1.4218009478673106"
"2007","Venezuela","2.14","0.0"
"2008","Venezuela","2.14","0.0"
"2009","Venezuela","2.14","0.0"
"2010","Venezuela","4.24","98.13084112149532"
"2011","Venezuela","4.29","1.1792452830188638"
"2012","Venezuela","4.29","0.0"
"2013","Venezuela","6.07","41.4918414918415"
"2014","Venezuela","6.28","3.459637561779241"
"2015","Venezuela","6.28","0.0"
"2016","Venezuela","9.28","47.77070063694266"
