"Year","Country","Rate","Metavoli"
"1971","Australia","0.8803","  "
"1972","Australia","0.8387","-0.04159999999999997"
"1973","Australia","0.7047","-0.134"
"1974","Australia","0.695","-0.009700000000000042"
"1975","Australia","0.7647","0.0697000000000001"
"1976","Australia","0.8187","0.05399999999999994"
"1977","Australia","0.9024","0.0837"
"1978","Australia","0.874","-0.02839999999999998"
"1979","Australia","0.8947","0.02070000000000005"
"1980","Australia","0.8776","-0.017100000000000004"
"1981","Australia","0.8699","-0.00770000000000004"
"1982","Australia","0.9838","0.1139"
"1983","Australia","1.1094","0.12559999999999993"
"1984","Australia","1.137","0.02760000000000007"
"1985","Australia","1.428","0.2909999999999999"
"1986","Australia","1.4905","0.0625"
"1987","Australia","1.4257","-0.06479999999999997"
"1988","Australia","1.2753","-0.15039999999999987"
"1989","Australia","1.2628","-0.012500000000000178"
"1990","Australia","1.2809","0.018100000000000005"
"1991","Australia","1.2842","0.0033000000000000806"
"1992","Australia","1.3602","0.07600000000000007"
"1993","Australia","1.4708","0.11060000000000003"
"1994","Australia","1.3669","-0.1039000000000001"
"1995","Australia","1.3501","-0.016799999999999926"
"1996","Australia","1.2775","-0.0726"
"1997","Australia","1.3446","0.06709999999999994"
"1998","Australia","1.5896","0.24499999999999988"
"1999","Australia","1.5494","-0.04019999999999979"
"2000","Australia","1.7197","0.1702999999999999"
"2001","Australia","1.9346","0.2149000000000001"
"2002","Australia","1.8392","-0.09540000000000015"
"2003","Australia","1.5328","-0.3064"
"2004","Australia","1.3578","-0.17500000000000004"
"2005","Australia","1.3111","-0.046699999999999964"
"2006","Australia","1.3271","0.016000000000000014"
"2007","Australia","1.1918","-0.13529999999999998"
"2008","Australia","1.1714","-0.020399999999999974"
"2009","Australia","1.2615","0.09010000000000007"
"2010","Australia","1.087","-0.1745000000000001"
"2011","Australia","0.9679","-0.11909999999999998"
"2012","Australia","0.9653","-0.0025999999999999357"
"2013","Australia","1.0327","0.0673999999999999"
"2014","Australia","1.1069","0.07420000000000004"
"2015","Australia","1.3294","0.22249999999999992"
"2016","Australia","1.3432","0.013800000000000034"
"1995","Brazil","0.9161","  "
"1996","Brazil","1.0051","0.08900000000000008"
"1997","Brazil","1.0779","0.07279999999999998"
"1998","Brazil","1.1605","0.0826"
"1999","Brazil","1.8207","0.6601999999999999"
"2000","Brazil","1.8301","0.009400000000000075"
"2001","Brazil","2.3527","0.5226"
"2002","Brazil","2.9213","0.5686"
"2003","Brazil","3.075","0.15370000000000017"
"2004","Brazil","2.9262","-0.14880000000000004"
"2005","Brazil","2.4352","-0.4910000000000001"
"2006","Brazil","2.1738","-0.2614000000000001"
"2007","Brazil","1.9461","-0.2277"
"2008","Brazil","1.8326","-0.11349999999999993"
"2009","Brazil","1.9976","0.16500000000000004"
"2010","Brazil","1.76","-0.23760000000000003"
"2011","Brazil","1.6723","-0.08770000000000011"
"2012","Brazil","1.9535","0.2812000000000001"
"2013","Brazil","2.157","0.20350000000000001"
"2014","Brazil","2.3512","0.19419999999999993"
"2015","Brazil","3.336","0.9847999999999999"
"2016","Brazil","3.4839","0.14790000000000036"
"1971","Canada","1.0099","  "
"1972","Canada","0.9907","-0.019199999999999995"
"1973","Canada","1.0002","0.009499999999999953"
"1974","Canada","0.978","-0.022199999999999998"
"1975","Canada","1.0175","0.03950000000000009"
"1976","Canada","0.9863","-0.031200000000000117"
"1977","Canada","1.0633","0.07699999999999996"
"1978","Canada","1.1405","0.07720000000000016"
"1979","Canada","1.1713","0.03079999999999994"
"1980","Canada","1.1693","-0.0020000000000000018"
"1981","Canada","1.199","0.02970000000000006"
"1982","Canada","1.2344","0.035399999999999876"
"1983","Canada","1.2325","-0.0019000000000000128"
"1984","Canada","1.2952","0.06269999999999998"
"1985","Canada","1.3659","0.07069999999999999"
"1986","Canada","1.3896","0.023700000000000054"
"1987","Canada","1.3259","-0.06369999999999987"
"1988","Canada","1.2306","-0.09530000000000016"
"1989","Canada","1.1842","-0.0464"
"1990","Canada","1.1668","-0.01739999999999986"
"1991","Canada","1.146","-0.02080000000000015"
"1992","Canada","1.2085","0.0625"
"1993","Canada","1.2902","0.0817000000000001"
"1994","Canada","1.3664","0.07620000000000005"
"1995","Canada","1.3725","0.006099999999999994"
"1996","Canada","1.3638","-0.008700000000000152"
"1997","Canada","1.3849","0.02110000000000012"
"1998","Canada","1.4836","0.09870000000000001"
"1999","Canada","1.4858","0.0021999999999999797"
"2000","Canada","1.4855","-2.9999999999996696E-4"
"2001","Canada","1.5487","0.06319999999999992"
"2002","Canada","1.5704","0.021700000000000053"
"2003","Canada","1.4008","-0.16959999999999997"
"2004","Canada","1.3017","-0.09909999999999997"
"2005","Canada","1.2115","-0.09020000000000006"
"2006","Canada","1.134","-0.07750000000000012"
"2007","Canada","1.0734","-0.06059999999999999"
"2008","Canada","1.066","-0.007399999999999851"
"2009","Canada","1.1412","0.07519999999999993"
"2010","Canada","1.0298","-0.11139999999999994"
"2011","Canada","0.9887","-0.041100000000000025"
"2012","Canada","0.9995","0.010800000000000032"
"2013","Canada","1.03","0.03049999999999997"
"2014","Canada","1.1043","0.07430000000000003"
"2015","Canada","1.2791","0.17479999999999984"
"2016","Canada","1.3243","0.04520000000000013"
"1981","China","1.71","  "
"1982","China","1.8979","0.18789999999999996"
"1983","China","1.981","0.08310000000000017"
"1984","China","2.3303","0.3492999999999997"
"1985","China","2.9434","0.6131000000000002"
"1986","China","3.4616","0.5181999999999998"
"1987","China","3.7314","0.26980000000000004"
"1988","China","3.7314","0.0"
"1989","China","3.7673","0.035900000000000265"
"1990","China","4.7921","1.0247999999999995"
"1991","China","5.3337","0.5416000000000007"
"1992","China","5.5206","0.18689999999999962"
"1993","China","5.7795","0.2588999999999997"
"1994","China","8.6397","2.8602"
"1995","China","8.37","-0.2697000000000003"
"1996","China","8.3389","-0.031099999999998573"
"1997","China","8.3193","-0.019600000000000506"
"1998","China","8.3008","-0.018499999999999517"
"1999","China","8.2783","-0.022500000000000853"
"2000","China","8.2784","9.999999999976694E-5"
"2001","China","8.277","-0.00140000000000029"
"2002","China","8.2771","1.000000000015433E-4"
"2003","China","8.2772","9.999999999976694E-5"
"2004","China","8.2768","-4.000000000008441E-4"
"2005","China","8.1936","-0.08319999999999972"
"2006","China","7.9723","-0.22130000000000027"
"2007","China","7.6058","-0.3664999999999994"
"2008","China","6.9477","-0.6581000000000001"
"2009","China","6.8307","-0.11699999999999999"
"2010","China","6.7696","-0.0611000000000006"
"2011","China","6.463","-0.30659999999999954"
"2012","China","6.3093","-0.15369999999999973"
"2013","China","6.1478","-0.1615000000000002"
"2014","China","6.162","0.014199999999999768"
"2015","China","6.2827","0.12070000000000025"
"2016","China","6.64","0.3572999999999995"
"1971","Denmark","7.4048","  "
"1972","Denmark","6.9531","-0.45169999999999977"
"1973","Denmark","6.0447","-0.9084000000000003"
"1974","Denmark","6.0925","0.04780000000000051"
"1975","Denmark","5.7481","-0.34440000000000026"
"1976","Denmark","6.0461","0.29800000000000004"
"1977","Denmark","6.005","-0.041100000000000136"
"1978","Denmark","5.5162","-0.48879999999999946"
"1979","Denmark","5.2623","-0.2539000000000007"
"1980","Denmark","5.6346","0.3723000000000001"
"1981","Denmark","7.1351","1.5005000000000006"
"1982","Denmark","8.3444","1.2092999999999998"
"1983","Denmark","9.1484","0.8040000000000003"
"1984","Denmark","10.3541","1.2057000000000002"
"1985","Denmark","10.5983","0.2441999999999993"
"1986","Denmark","8.0955","-2.5028000000000006"
"1987","Denmark","6.8478","-1.2476999999999991"
"1988","Denmark","6.7412","-0.10660000000000025"
"1989","Denmark","7.321","0.5797999999999996"
"1990","Denmark","6.1899","-1.1311"
"1991","Denmark","6.4038","0.21390000000000065"
"1992","Denmark","6.0372","-0.36660000000000004"
"1993","Denmark","6.4863","0.4490999999999996"
"1994","Denmark","6.3561","-0.13020000000000032"
"1995","Denmark","5.5999","-0.7561999999999998"
"1996","Denmark","5.8003","0.20040000000000013"
"1997","Denmark","6.6092","0.8089000000000004"
"1998","Denmark","6.703","0.09379999999999988"
"1999","Denmark","6.99","0.2869999999999999"
"2000","Denmark","8.0953","1.1052999999999997"
"2001","Denmark","8.3323","0.2370000000000001"
"2002","Denmark","7.8862","-0.4461000000000004"
"2003","Denmark","6.5774","-1.3087999999999997"
"2004","Denmark","5.9891","-0.5883000000000003"
"2005","Denmark","5.9953","0.0062000000000006494"
"2006","Denmark","5.9422","-0.05310000000000059"
"2007","Denmark","5.4413","-0.5008999999999997"
"2008","Denmark","5.0885","-0.3528000000000002"
"2009","Denmark","5.3574","0.26890000000000036"
"2010","Denmark","5.6265","0.2690999999999999"
"2011","Denmark","5.3535","-0.2729999999999997"
"2012","Denmark","5.7922","0.43869999999999987"
"2013","Denmark","5.617","-0.17520000000000024"
"2014","Denmark","5.6151","-0.0019000000000000128"
"2015","Denmark","6.7263","1.1112000000000002"
"2016","Denmark","6.7276","0.0012999999999996348"
"1999","Euro","0.9387","  "
"2000","Euro","1.0832","0.14449999999999996"
"2001","Euro","1.1171","0.03390000000000004"
"2002","Euro","1.0578","-0.05929999999999991"
"2003","Euro","0.8833","-0.1745000000000001"
"2004","Euro","0.804","-0.07929999999999993"
"2005","Euro","0.8033","-7.000000000000339E-4"
"2006","Euro","0.796","-0.007299999999999973"
"2007","Euro","0.7293","-0.06670000000000009"
"2008","Euro","0.6791","-0.05019999999999991"
"2009","Euro","0.7176","0.03849999999999998"
"2010","Euro","0.7541","0.03649999999999998"
"2011","Euro","0.7178","-0.0363"
"2012","Euro","0.7777","0.05989999999999995"
"2013","Euro","0.753","-0.024699999999999944"
"2014","Euro","0.752","-0.0010000000000000009"
"2015","Euro","0.9012","0.1492"
"2016","Euro","0.9032","0.0020000000000000018"
"1981","Hong Kong","5.5901","  "
"1982","Hong Kong","6.0698","0.47970000000000024"
"1983","Hong Kong","7.257","1.1871999999999998"
"1984","Hong Kong","7.8189","0.5619000000000005"
"1985","Hong Kong","7.7912","-0.02770000000000028"
"1986","Hong Kong","7.8038","0.012599999999999945"
"1987","Hong Kong","7.7986","-0.005199999999999427"
"1988","Hong Kong","7.8068","0.008199999999999541"
"1989","Hong Kong","7.8008","-0.006000000000000227"
"1990","Hong Kong","7.7899","-0.010899999999999466"
"1991","Hong Kong","7.7712","-0.01869999999999994"
"1992","Hong Kong","7.7402","-0.031000000000000583"
"1993","Hong Kong","7.7357","-0.0045000000000001705"
"1994","Hong Kong","7.729","-0.006699999999999484"
"1995","Hong Kong","7.7357","0.006699999999999484"
"1996","Hong Kong","7.7345","-0.0011999999999998678"
"1997","Hong Kong","7.7431","0.008600000000000385"
"1998","Hong Kong","7.7467","0.0035999999999996035"
"1999","Hong Kong","7.7594","0.0127000000000006"
"2000","Hong Kong","7.7924","0.032999999999999474"
"2001","Hong Kong","7.7997","0.007299999999999862"
"2002","Hong Kong","7.7996","-9.999999999976694E-5"
"2003","Hong Kong","7.7875","-0.012100000000000222"
"2004","Hong Kong","7.7891","0.001600000000000712"
"2005","Hong Kong","7.7775","-0.011600000000000499"
"2006","Hong Kong","7.7681","-0.009400000000000297"
"2007","Hong Kong","7.8016","0.033500000000000085"
"2008","Hong Kong","7.7862","-0.015399999999999636"
"2009","Hong Kong","7.7514","-0.03479999999999972"
"2010","Hong Kong","7.7687","0.01729999999999965"
"2011","Hong Kong","7.7841","0.015399999999999636"
"2012","Hong Kong","7.7569","-0.02719999999999967"
"2013","Hong Kong","7.7565","-3.9999999999995595E-4"
"2014","Hong Kong","7.7545","-0.0019999999999997797"
"2015","Hong Kong","7.7524","-0.002100000000000435"
"2016","Hong Kong","7.762","0.009599999999999831"
"1973","India","7.65","  "
"1974","India","8.03","0.379999999999999"
"1975","India","8.41","0.3800000000000008"
"1976","India","8.97","0.5600000000000005"
"1977","India","8.77","-0.20000000000000107"
"1978","India","8.2","-0.5700000000000003"
"1979","India","8.16","-0.03999999999999915"
"1980","India","7.89","-0.27000000000000046"
"1981","India","8.68","0.79"
"1982","India","9.48","0.8000000000000007"
"1983","India","10.1","0.6199999999999992"
"1984","India","11.35","1.25"
"1985","India","12.33","0.9800000000000004"
"1986","India","12.6","0.2699999999999996"
"1987","India","12.95","0.34999999999999964"
"1988","India","13.9","0.9500000000000011"
"1989","India","16.21","2.3100000000000005"
"1990","India","17.49","1.2799999999999976"
"1991","India","22.71","5.220000000000002"
"1992","India","28.16","5.449999999999999"
"1993","India","31.29","3.129999999999999"
"1994","India","31.39","0.10000000000000142"
"1995","India","32.42","1.0300000000000011"
"1996","India","35.51","3.0899999999999963"
"1997","India","36.36","0.8500000000000014"
"1998","India","41.36","5.0"
"1999","India","43.13","1.7700000000000031"
"2000","India","45.0","1.8699999999999974"
"2001","India","47.22","2.219999999999999"
"2002","India","48.63","1.4100000000000037"
"2003","India","46.59","-2.039999999999999"
"2004","India","45.26","-1.3300000000000054"
"2005","India","44.0","-1.259999999999998"
"2006","India","45.19","1.1899999999999977"
"2007","India","41.18","-4.009999999999998"
"2008","India","43.39","2.210000000000001"
"2009","India","48.33","4.939999999999998"
"2010","India","45.65","-2.6799999999999997"
"2011","India","46.58","0.9299999999999997"
"2012","India","53.37","6.789999999999999"
"2013","India","58.51","5.140000000000001"
"2014","India","61.0","2.490000000000002"
"2015","India","64.11","3.1099999999999994"
"2016","India","67.16","3.049999999999997"
"1971","Japan","347.79","  "
"1972","Japan","303.13","-44.660000000000025"
"1973","Japan","271.31","-31.819999999999993"
"1974","Japan","291.84","20.529999999999973"
"1975","Japan","296.78","4.939999999999998"
"1976","Japan","296.45","-0.3299999999999841"
"1977","Japan","268.62","-27.829999999999984"
"1978","Japan","210.39","-58.23000000000002"
"1979","Japan","219.02","8.630000000000024"
"1980","Japan","226.63","7.609999999999985"
"1981","Japan","220.63","-6.0"
"1982","Japan","249.06","28.430000000000007"
"1983","Japan","237.55","-11.509999999999991"
"1984","Japan","237.46","-0.09000000000000341"
"1985","Japan","238.47","1.009999999999991"
"1986","Japan","168.35","-70.12"
"1987","Japan","144.6","-23.75"
"1988","Japan","128.17","-16.430000000000007"
"1989","Japan","138.07","9.900000000000006"
"1990","Japan","145.0","6.930000000000007"
"1991","Japan","134.59","-10.409999999999997"
"1992","Japan","126.78","-7.810000000000002"
"1993","Japan","111.08","-15.700000000000003"
"1994","Japan","102.18","-8.899999999999991"
"1995","Japan","93.96","-8.220000000000013"
"1996","Japan","108.78","14.820000000000007"
"1997","Japan","121.06","12.280000000000001"
"1998","Japan","130.99","9.930000000000007"
"1999","Japan","113.73","-17.260000000000005"
"2000","Japan","107.8","-5.930000000000007"
"2001","Japan","121.57","13.769999999999996"
"2002","Japan","125.22","3.6500000000000057"
"2003","Japan","115.94","-9.280000000000001"
"2004","Japan","108.15","-7.789999999999992"
"2005","Japan","110.11","1.9599999999999937"
"2006","Japan","116.31","6.200000000000003"
"2007","Japan","117.76","1.4500000000000028"
"2008","Japan","103.39","-14.370000000000005"
"2009","Japan","93.68","-9.709999999999994"
"2010","Japan","87.78","-5.900000000000006"
"2011","Japan","79.7","-8.079999999999998"
"2012","Japan","79.82","0.11999999999999034"
"2013","Japan","97.6","17.78"
"2014","Japan","105.74","8.14"
"2015","Japan","121.05","15.310000000000002"
"2016","Japan","108.66","-12.39"
"1971","Malaysia","3.0318","  "
"1972","Malaysia","2.8085","-0.22330000000000005"
"1973","Malaysia","2.4468","-0.3616999999999999"
"1974","Malaysia","2.407","-0.03980000000000006"
"1975","Malaysia","2.4029","-0.004100000000000215"
"1976","Malaysia","2.5422","0.13929999999999998"
"1977","Malaysia","2.4625","-0.07969999999999988"
"1978","Malaysia","2.3168","-0.14569999999999972"
"1979","Malaysia","2.1883","-0.12850000000000028"
"1980","Malaysia","2.1768","-0.011499999999999844"
"1981","Malaysia","2.3048","0.1280000000000001"
"1982","Malaysia","2.3356","0.030799999999999716"
"1983","Malaysia","2.3205","-0.015099999999999891"
"1984","Malaysia","2.3428","0.022299999999999986"
"1985","Malaysia","2.4807","0.13790000000000013"
"1986","Malaysia","2.5831","0.10239999999999982"
"1987","Malaysia","2.5186","-0.06449999999999978"
"1988","Malaysia","2.619","0.10040000000000004"
"1989","Malaysia","2.7079","0.08889999999999976"
"1990","Malaysia","2.7049","-0.0030000000000001137"
"1991","Malaysia","2.7503","0.04540000000000033"
"1992","Malaysia","2.5463","-0.20400000000000018"
"1993","Malaysia","2.5738","0.027499999999999858"
"1994","Malaysia","2.6237","0.049900000000000055"
"1995","Malaysia","2.5073","-0.11640000000000006"
"1996","Malaysia","2.5154","0.008100000000000218"
"1997","Malaysia","2.8173","0.30189999999999984"
"1998","Malaysia","3.9254","1.1080999999999999"
"1999","Malaysia","3.8","-0.12539999999999996"
"2000","Malaysia","3.8","0.0"
"2001","Malaysia","3.8","0.0"
"2002","Malaysia","3.8","0.0"
"2003","Malaysia","3.8","0.0"
"2004","Malaysia","3.8","0.0"
"2005","Malaysia","3.7869","-0.013099999999999667"
"2006","Malaysia","3.6661","-0.12080000000000002"
"2007","Malaysia","3.4354","-0.23070000000000013"
"2008","Malaysia","3.3292","-0.10619999999999985"
"2009","Malaysia","3.5231","0.19389999999999974"
"2010","Malaysia","3.2175","-0.3056000000000001"
"2011","Malaysia","3.0564","-0.1610999999999998"
"2012","Malaysia","3.0862","0.029799999999999827"
"2013","Malaysia","3.1488","0.06260000000000021"
"2014","Malaysia","3.2697","0.12089999999999979"
"2015","Malaysia","3.9041","0.6344000000000003"
"2016","Malaysia","4.1372","0.23309999999999986"
"1993","Mexico","3.124","  "
"1994","Mexico","3.385","0.2609999999999997"
"1995","Mexico","6.447","3.0620000000000003"
"1996","Mexico","7.6","1.1529999999999996"
"1997","Mexico","7.918","0.3180000000000005"
"1998","Mexico","9.152","1.233999999999999"
"1999","Mexico","9.553","0.4010000000000016"
"2000","Mexico","9.459","-0.0940000000000012"
"2001","Mexico","9.337","-0.12199999999999989"
"2002","Mexico","9.663","0.3260000000000005"
"2003","Mexico","10.793","1.129999999999999"
"2004","Mexico","11.29","0.4969999999999999"
"2005","Mexico","10.894","-0.395999999999999"
"2006","Mexico","10.906","0.012000000000000455"
"2007","Mexico","10.928","0.02200000000000024"
"2008","Mexico","11.143","0.21499999999999986"
"2009","Mexico","13.498","2.3549999999999986"
"2010","Mexico","12.624","-0.8739999999999988"
"2011","Mexico","12.427","-0.19700000000000095"
"2012","Mexico","13.154","0.7270000000000003"
"2013","Mexico","12.758","-0.3960000000000008"
"2014","Mexico","13.302","0.5440000000000005"
"2015","Mexico","15.874","2.572000000000001"
"2016","Mexico","18.667","2.793000000000001"
"1971","New Zealand","0.88","  "
"1972","New Zealand","0.8379","-0.042100000000000026"
"1973","New Zealand","0.7355","-0.10239999999999994"
"1974","New Zealand","0.7142","-0.021300000000000097"
"1975","New Zealand","0.8254","0.11120000000000008"
"1976","New Zealand","1.0089","0.18349999999999989"
"1977","New Zealand","1.0321","0.02320000000000011"
"1978","New Zealand","0.9649","-0.06720000000000004"
"1979","New Zealand","0.9782","0.013299999999999979"
"1980","New Zealand","1.0273","0.049100000000000144"
"1981","New Zealand","1.1514","0.12409999999999988"
"1982","New Zealand","1.3316","0.18019999999999992"
"1983","New Zealand","1.4972","0.1656000000000002"
"1984","New Zealand","1.7289","0.23170000000000002"
"1985","New Zealand","2.0101","0.2811999999999999"
"1986","New Zealand","1.9062","-0.1039000000000001"
"1987","New Zealand","1.6855","-0.2206999999999999"
"1988","New Zealand","1.5253","-0.1601999999999999"
"1989","New Zealand","1.6725","0.1472"
"1990","New Zealand","1.6773","0.0047999999999999154"
"1991","New Zealand","1.7292","0.05190000000000006"
"1992","New Zealand","1.8591","0.1298999999999999"
"1993","New Zealand","1.8474","-0.011700000000000044"
"1994","New Zealand","1.6846","-0.16279999999999983"
"1995","New Zealand","1.5237","-0.16090000000000004"
"1996","New Zealand","1.4541","-0.0696000000000001"
"1997","New Zealand","1.5094","0.05530000000000013"
"1998","New Zealand","1.8653","0.3558999999999999"
"1999","New Zealand","1.8896","0.02429999999999999"
"2000","New Zealand","2.1891","0.2994999999999999"
"2001","New Zealand","2.3798","0.1907000000000001"
"2002","New Zealand","2.1529","-0.2269000000000001"
"2003","New Zealand","1.7176","-0.4352999999999998"
"2004","New Zealand","1.5053","-0.21229999999999993"
"2005","New Zealand","1.4186","-0.0867"
"2006","New Zealand","1.5404","0.12179999999999991"
"2007","New Zealand","1.3578","-0.1826000000000001"
"2008","New Zealand","1.3984","0.04060000000000019"
"2009","New Zealand","1.5728","0.1743999999999999"
"2010","New Zealand","1.3858","-0.18700000000000006"
"2011","New Zealand","1.2626","-0.12319999999999998"
"2012","New Zealand","1.2338","-0.028799999999999937"
"2013","New Zealand","1.2189","-0.014899999999999913"
"2014","New Zealand","1.2029","-0.016000000000000014"
"2015","New Zealand","1.4284","0.2254999999999998"
"2016","New Zealand","1.4335","0.0051000000000001044"
"1971","Norway","7.0222","  "
"1972","Norway","6.5875","-0.4346999999999994"
"1973","Norway","5.7535","-0.8340000000000005"
"1974","Norway","5.5255","-0.22799999999999976"
"1975","Norway","5.2283","-0.29720000000000013"
"1976","Norway","5.459","0.23069999999999968"
"1977","Norway","5.324","-0.1349999999999998"
"1978","Norway","5.2467","-0.07730000000000015"
"1979","Norway","5.0651","-0.18159999999999954"
"1980","Norway","4.9382","-0.1269"
"1981","Norway","5.7431","0.8049"
"1982","Norway","6.4568","0.7137000000000002"
"1983","Norway","7.3013","0.8445"
"1984","Norway","8.1597","0.8584000000000005"
"1985","Norway","8.5934","0.4337"
"1986","Norway","7.3985","-1.1949000000000005"
"1987","Norway","6.7409","-0.6576000000000004"
"1988","Norway","6.5243","-0.21659999999999968"
"1989","Norway","6.9131","0.3887999999999998"
"1990","Norway","6.2621","-0.6509999999999998"
"1991","Norway","6.4912","0.22909999999999986"
"1992","Norway","6.2142","-0.27700000000000014"
"1993","Norway","7.1009","0.8867000000000003"
"1994","Norway","7.0553","-0.04560000000000031"
"1995","Norway","6.3355","-0.7198000000000002"
"1996","Norway","6.4594","0.1238999999999999"
"1997","Norway","7.0857","0.6263000000000005"
"1998","Norway","7.5521","0.46640000000000015"
"1999","Norway","7.8071","0.2549999999999999"
"2000","Norway","8.8131","1.0060000000000002"
"2001","Norway","8.9964","0.18329999999999913"
"2002","Norway","7.9839","-1.0124999999999993"
"2003","Norway","7.0803","-0.9036"
"2004","Norway","6.7399","-0.3404000000000007"
"2005","Norway","6.4412","-0.2986999999999993"
"2006","Norway","6.4095","-0.03169999999999984"
"2007","Norway","5.8557","-0.5538000000000007"
"2008","Norway","5.6365","-0.21919999999999984"
"2009","Norway","6.2908","0.6543000000000001"
"2010","Norway","6.0451","-0.24570000000000025"
"2011","Norway","5.6022","-0.44289999999999985"
"2012","Norway","5.8181","0.21590000000000042"
"2013","Norway","5.8772","0.05909999999999993"
"2014","Norway","6.2969","0.41969999999999974"
"2015","Norway","8.0681","1.7711999999999994"
"2016","Norway","8.3936","0.3254999999999999"
"1981","Singapore","2.1138","  "
"1982","Singapore","2.1406","0.026800000000000157"
"1983","Singapore","2.1137","-0.026899999999999924"
"1984","Singapore","2.1327","0.018999999999999684"
"1985","Singapore","2.2009","0.06820000000000004"
"1986","Singapore","2.1783","-0.02259999999999973"
"1987","Singapore","2.1059","-0.07240000000000002"
"1988","Singapore","2.0133","-0.09260000000000002"
"1989","Singapore","1.9511","-0.06220000000000003"
"1990","Singapore","1.8134","-0.13770000000000016"
"1991","Singapore","1.7283","-0.08509999999999995"
"1992","Singapore","1.6294","-0.09889999999999999"
"1993","Singapore","1.6158","-0.013600000000000056"
"1994","Singapore","1.5275","-0.08829999999999982"
"1995","Singapore","1.4171","-0.11040000000000005"
"1996","Singapore","1.41","-0.007100000000000106"
"1997","Singapore","1.4857","0.0757000000000001"
"1998","Singapore","1.6722","0.1864999999999999"
"1999","Singapore","1.6951","0.022900000000000142"
"2000","Singapore","1.725","0.029900000000000038"
"2001","Singapore","1.793","0.06799999999999984"
"2002","Singapore","1.7908","-0.0021999999999999797"
"2003","Singapore","1.7429","-0.047900000000000054"
"2004","Singapore","1.6902","-0.05269999999999997"
"2005","Singapore","1.6639","-0.02629999999999999"
"2006","Singapore","1.5882","-0.07569999999999988"
"2007","Singapore","1.5065","-0.0817000000000001"
"2008","Singapore","1.414","-0.09250000000000003"
"2009","Singapore","1.4543","0.0403"
"2010","Singapore","1.3629","-0.09139999999999993"
"2011","Singapore","1.2565","-0.10640000000000005"
"2012","Singapore","1.2492","-0.007299999999999862"
"2013","Singapore","1.2511","0.0019000000000000128"
"2014","Singapore","1.2665","0.015399999999999858"
"2015","Singapore","1.3746","0.10810000000000008"
"2016","Singapore","1.38","0.005399999999999849"
"1971","South Africa","0.7129","  "
"1972","South Africa","0.7732","0.06030000000000002"
"1973","South Africa","0.6964","-0.07679999999999998"
"1974","South Africa","0.6806","-0.015800000000000036"
"1975","South Africa","0.7408","0.06020000000000003"
"1976","South Africa","0.8707","0.12990000000000002"
"1977","South Africa","0.8697","-0.0010000000000000009"
"1978","South Africa","0.8695","-1.9999999999997797E-4"
"1979","South Africa","0.8424","-0.027100000000000013"
"1980","South Africa","0.7796","-0.06280000000000008"
"1981","South Africa","0.8787","0.09910000000000008"
"1982","South Africa","1.0876","0.20889999999999986"
"1983","South Africa","1.1146","0.027000000000000135"
"1984","South Africa","1.4761","0.36149999999999993"
"1985","South Africa","2.2344","0.7583"
"1986","South Africa","2.2919","0.05750000000000011"
"1987","South Africa","2.0385","-0.25340000000000007"
"1988","South Africa","2.277","0.23850000000000016"
"1989","South Africa","2.6243","0.3472999999999997"
"1990","South Africa","2.5885","-0.035800000000000054"
"1991","South Africa","2.7633","0.1748000000000003"
"1992","South Africa","2.8524","0.08909999999999973"
"1993","South Africa","3.2721","0.4197000000000002"
"1994","South Africa","3.5526","0.28049999999999997"
"1995","South Africa","3.6284","0.07580000000000009"
"1996","South Africa","4.3011","0.6726999999999999"
"1997","South Africa","4.6072","0.3060999999999998"
"1998","South Africa","5.5417","0.9344999999999999"
"1999","South Africa","6.1191","0.5774000000000008"
"2000","South Africa","6.9468","0.8276999999999992"
"2001","South Africa","8.6093","1.6624999999999996"
"2002","South Africa","10.5176","1.9083000000000006"
"2003","South Africa","7.555","-2.9626"
"2004","South Africa","6.4402","-1.1147999999999998"
"2005","South Africa","6.3606","-0.07960000000000012"
"2006","South Africa","6.7668","0.4062000000000001"
"2007","South Africa","7.0477","0.2808999999999999"
"2008","South Africa","8.248","1.2002999999999995"
"2009","South Africa","8.4117","0.1637000000000004"
"2010","South Africa","7.3159","-1.0957999999999997"
"2011","South Africa","7.251","-0.06489999999999974"
"2012","South Africa","8.2014","0.9503999999999992"
"2013","South Africa","9.6436","1.4421999999999997"
"2014","South Africa","10.842","1.1984000000000012"
"2015","South Africa","12.7645","1.9224999999999994"
"2016","South Africa","14.6821","1.9176000000000002"
"1981","South Korea","686.07","  "
"1982","South Korea","731.94","45.870000000000005"
"1983","South Korea","776.05","44.1099999999999"
"1984","South Korea","807.93","31.879999999999995"
"1985","South Korea","872.45","64.5200000000001"
"1986","South Korea","884.6","12.149999999999977"
"1987","South Korea","826.16","-58.440000000000055"
"1988","South Korea","734.52","-91.63999999999999"
"1989","South Korea","674.13","-60.389999999999986"
"1990","South Korea","710.64","36.50999999999999"
"1991","South Korea","736.73","26.090000000000032"
"1992","South Korea","784.66","47.92999999999995"
"1993","South Korea","805.75","21.090000000000032"
"1994","South Korea","806.93","1.17999999999995"
"1995","South Korea","772.69","-34.239999999999895"
"1996","South Korea","805.0","32.309999999999945"
"1997","South Korea","953.19","148.19000000000005"
"1998","South Korea","1400.4","447.21000000000004"
"1999","South Korea","1189.84","-210.56000000000017"
"2000","South Korea","1130.9","-58.93999999999983"
"2001","South Korea","1292.01","161.1099999999999"
"2002","South Korea","1250.31","-41.700000000000045"
"2003","South Korea","1192.08","-58.23000000000002"
"2004","South Korea","1145.24","-46.83999999999992"
"2005","South Korea","1023.75","-121.49000000000001"
"2006","South Korea","954.32","-69.42999999999995"
"2007","South Korea","928.97","-25.350000000000023"
"2008","South Korea","1098.71","169.74"
"2009","South Korea","1274.63","175.92000000000007"
"2010","South Korea","1155.74","-118.8900000000001"
"2011","South Korea","1106.94","-48.799999999999955"
"2012","South Korea","1126.16","19.220000000000027"
"2013","South Korea","1094.67","-31.49000000000001"
"2014","South Korea","1052.29","-42.38000000000011"
"2015","South Korea","1130.96","78.67000000000007"
"2016","South Korea","1159.34","28.37999999999988"
"1971","Sweden","5.1051","  "
"1972","Sweden","4.7571","-0.34799999999999986"
"1973","Sweden","4.3619","-0.3952"
"1974","Sweden","4.4387","0.07679999999999954"
"1975","Sweden","4.1531","-0.28559999999999963"
"1976","Sweden","4.358","0.20489999999999942"
"1977","Sweden","4.4802","0.12220000000000031"
"1978","Sweden","4.5207","0.04049999999999976"
"1979","Sweden","4.2893","-0.23139999999999983"
"1980","Sweden","4.231","-0.05830000000000002"
"1981","Sweden","5.066","0.835"
"1982","Sweden","6.2839","1.2179000000000002"
"1983","Sweden","7.6718","1.3879000000000001"
"1984","Sweden","8.2708","0.5989999999999993"
"1985","Sweden","8.6032","0.3323999999999998"
"1986","Sweden","7.1273","-1.4758999999999993"
"1987","Sweden","6.3469","-0.7804000000000002"
"1988","Sweden","6.137","-0.2099000000000002"
"1989","Sweden","6.4559","0.3189000000000002"
"1990","Sweden","5.9231","-0.5327999999999999"
"1991","Sweden","6.0521","0.12900000000000045"
"1992","Sweden","5.8258","-0.22630000000000017"
"1993","Sweden","7.7956","1.9698000000000002"
"1994","Sweden","7.7161","-0.07950000000000035"
"1995","Sweden","7.1406","-0.5754999999999999"
"1996","Sweden","6.7082","-0.43240000000000034"
"1997","Sweden","7.6447","0.9365000000000006"
"1998","Sweden","7.9522","0.3075000000000001"
"1999","Sweden","8.274","0.32179999999999875"
"2000","Sweden","9.1735","0.8995000000000015"
"2001","Sweden","10.3425","1.1689999999999987"
"2002","Sweden","9.7233","-0.6191999999999993"
"2003","Sweden","8.0787","-1.6446000000000005"
"2004","Sweden","7.348","-0.7306999999999997"
"2005","Sweden","7.471","0.12300000000000022"
"2006","Sweden","7.3718","-0.09919999999999973"
"2007","Sweden","6.755","-0.6168000000000005"
"2008","Sweden","6.5846","-0.17039999999999988"
"2009","Sweden","7.6539","1.0693000000000001"
"2010","Sweden","7.2053","-0.4485999999999999"
"2011","Sweden","6.4878","-0.7175000000000002"
"2012","Sweden","6.7721","0.2843"
"2013","Sweden","6.5124","-0.2596999999999996"
"2014","Sweden","6.8576","0.3451999999999993"
"2015","Sweden","8.435","1.5774000000000008"
"2016","Sweden","8.5541","0.11909999999999954"
"1971","Switzerland","4.1171","  "
"1972","Switzerland","3.8186","-0.29849999999999977"
"1973","Switzerland","3.1688","-0.6497999999999999"
"1974","Switzerland","2.9805","-0.1882999999999999"
"1975","Switzerland","2.5839","-0.3966000000000003"
"1976","Switzerland","2.5002","-0.08369999999999989"
"1977","Switzerland","2.4065","-0.09370000000000012"
"1978","Switzerland","1.7907","-0.6157999999999999"
"1979","Switzerland","1.6644","-0.12629999999999986"
"1980","Switzerland","1.6772","0.012799999999999923"
"1981","Switzerland","1.9675","0.2903"
"1982","Switzerland","2.0319","0.06439999999999979"
"1983","Switzerland","2.1007","0.06879999999999997"
"1984","Switzerland","2.35","0.2493000000000003"
"1985","Switzerland","2.4552","0.10519999999999996"
"1986","Switzerland","1.7979","-0.6573"
"1987","Switzerland","1.4918","-0.30610000000000004"
"1988","Switzerland","1.4643","-0.02750000000000008"
"1989","Switzerland","1.6369","0.1726000000000001"
"1990","Switzerland","1.3901","-0.24680000000000013"
"1991","Switzerland","1.4356","0.045500000000000096"
"1992","Switzerland","1.4064","-0.029199999999999893"
"1993","Switzerland","1.4781","0.07169999999999987"
"1994","Switzerland","1.3667","-0.11139999999999994"
"1995","Switzerland","1.1812","-0.1855"
"1996","Switzerland","1.2361","0.05489999999999995"
"1997","Switzerland","1.4514","0.21530000000000005"
"1998","Switzerland","1.4506","-8.000000000001339E-4"
"1999","Switzerland","1.5045","0.05390000000000006"
"2000","Switzerland","1.6904","0.18589999999999995"
"2001","Switzerland","1.6891","-0.0012999999999998568"
"2002","Switzerland","1.5567","-0.13240000000000007"
"2003","Switzerland","1.345","-0.2117"
"2004","Switzerland","1.2428","-0.10220000000000007"
"2005","Switzerland","1.2459","0.0031000000000001027"
"2006","Switzerland","1.2532","0.007300000000000084"
"2007","Switzerland","1.1999","-0.053300000000000125"
"2008","Switzerland","1.0816","-0.11830000000000007"
"2009","Switzerland","1.086","0.0044000000000001815"
"2010","Switzerland","1.0432","-0.04280000000000017"
"2011","Switzerland","0.8862","-0.15699999999999992"
"2012","Switzerland","0.9377","0.05149999999999999"
"2013","Switzerland","0.9269","-0.010800000000000032"
"2014","Switzerland","0.9147","-0.012199999999999989"
"2015","Switzerland","0.9628","0.04810000000000003"
"2016","Switzerland","0.9848","0.02200000000000002"
"1983","Taiwan","39.285","  "
"1984","Taiwan","39.636","0.3510000000000062"
"1985","Taiwan","39.9","0.2639999999999958"
"1986","Taiwan","37.852","-2.048000000000002"
"1987","Taiwan","31.753","-6.098999999999997"
"1988","Taiwan","28.636","-3.117000000000001"
"1989","Taiwan","26.407","-2.228999999999999"
"1990","Taiwan","26.918","0.5109999999999992"
"1991","Taiwan","26.759","-0.15899999999999892"
"1992","Taiwan","25.16","-1.5990000000000002"
"1993","Taiwan","26.416","1.2560000000000002"
"1994","Taiwan","26.465","0.04899999999999949"
"1995","Taiwan","26.496","0.030999999999998806"
"1996","Taiwan","27.468","0.9720000000000013"
"1997","Taiwan","28.775","1.3069999999999986"
"1998","Taiwan","33.547","4.7719999999999985"
"1999","Taiwan","32.322","-1.2249999999999943"
"2000","Taiwan","31.26","-1.0620000000000012"
"2001","Taiwan","33.824","2.5639999999999965"
"2002","Taiwan","34.536","0.7120000000000033"
"2003","Taiwan","34.405","-0.13100000000000023"
"2004","Taiwan","33.372","-1.0330000000000013"
"2005","Taiwan","32.131","-1.2409999999999997"
"2006","Taiwan","32.507","0.37599999999999767"
"2007","Taiwan","32.855","0.347999999999999"
"2008","Taiwan","31.521","-1.333999999999996"
"2009","Taiwan","33.02","1.4990000000000023"
"2010","Taiwan","31.497","-1.5230000000000032"
"2011","Taiwan","29.382","-2.1149999999999984"
"2012","Taiwan","29.558","0.17599999999999838"
"2013","Taiwan","29.68","0.12199999999999989"
"2014","Taiwan","30.299","0.6189999999999998"
"2015","Taiwan","31.744","1.4450000000000003"
"2016","Taiwan","32.226","0.4819999999999993"
"1981","Thailand","21.819","  "
"1982","Thailand","23.014","1.1950000000000003"
"1983","Thailand","22.992","-0.021999999999998465"
"1984","Thailand","23.583","0.5909999999999975"
"1985","Thailand","27.194","3.6110000000000007"
"1986","Thailand","26.315","-0.8789999999999978"
"1987","Thailand","25.771","-0.5440000000000005"
"1988","Thailand","25.312","-0.45899999999999963"
"1989","Thailand","25.72","0.4079999999999977"
"1990","Thailand","25.609","-0.1109999999999971"
"1991","Thailand","25.542","-0.06700000000000017"
"1992","Thailand","25.411","-0.13100000000000023"
"1993","Thailand","25.333","-0.07800000000000296"
"1994","Thailand","25.161","-0.17199999999999704"
"1995","Thailand","24.921","-0.240000000000002"
"1996","Thailand","25.359","0.4380000000000024"
"1997","Thailand","31.072","5.712999999999997"
"1998","Thailand","41.262","10.190000000000001"
"1999","Thailand","37.887","-3.375"
"2000","Thailand","40.21","2.3230000000000004"
"2001","Thailand","44.532","4.321999999999996"
"2002","Thailand","43.019","-1.5129999999999981"
"2003","Thailand","41.556","-1.463000000000001"
"2004","Thailand","40.271","-1.2849999999999966"
"2005","Thailand","40.252","-0.01899999999999835"
"2006","Thailand","37.876","-2.3760000000000048"
"2007","Thailand","32.203","-5.672999999999995"
"2008","Thailand","32.962","0.7590000000000003"
"2009","Thailand","34.31","1.347999999999999"
"2010","Thailand","31.7","-2.610000000000003"
"2011","Thailand","30.462","-1.2379999999999995"
"2012","Thailand","31.055","0.593"
"2013","Thailand","30.696","-0.3589999999999982"
"2014","Thailand","32.462","1.7660000000000018"
"2015","Thailand","34.242","1.779999999999994"
"2016","Thailand","35.264","1.0220000000000056"
"1995","Venezuela","0.17","  "
"1996","Venezuela","0.42","0.24999999999999997"
"1997","Venezuela","0.49","0.07"
"1998","Venezuela","0.55","0.06000000000000005"
"1999","Venezuela","0.61","0.05999999999999994"
"2000","Venezuela","0.68","0.07000000000000006"
"2001","Venezuela","0.72","0.039999999999999925"
"2002","Venezuela","1.16","0.43999999999999995"
"2003","Venezuela","1.61","0.4500000000000002"
"2004","Venezuela","1.89","0.2799999999999998"
"2005","Venezuela","2.11","0.21999999999999997"
"2006","Venezuela","2.14","0.03000000000000025"
"2007","Venezuela","2.14","0.0"
"2008","Venezuela","2.14","0.0"
"2009","Venezuela","2.14","0.0"
"2010","Venezuela","4.24","2.1"
"2011","Venezuela","4.29","0.04999999999999982"
"2012","Venezuela","4.29","0.0"
"2013","Venezuela","6.07","1.7800000000000002"
"2014","Venezuela","6.28","0.20999999999999996"
"2015","Venezuela","6.28","0.0"
"2016","Venezuela","9.28","2.999999999999999"
